{"cameraMode":{"drawMode":0,"name":"Shaded","section":"Shading Mode"},"sceneLighting":false,"audioPlay":false,"sceneViewState":{"showFog":true,"showMaterialUpdate":false,"showSkybox":false,"showFlares":true,"showImageEffects":true,"showParticleSystems":true},"in2DMode":false,"pivot":{"x":-5.714000225067139,"y":-8.890000343322754,"z":63.753997802734378},"rotation":{"x":0.2382466197013855,"y":0.050960078835487369,"z":-0.012520327232778073,"w":0.9697884321212769},"size":2.8578803539276125,"orthographic":true}