{"cameraMode":{"drawMode":0,"name":"Shaded","section":"Shading Mode"},"sceneLighting":true,"audioPlay":false,"sceneViewState":{"showFog":true,"showMaterialUpdate":false,"showSkybox":false,"showFlares":true,"showImageEffects":true,"showParticleSystems":true},"in2DMode":false,"pivot":{"x":-19.530000686645509,"y":0.4417499899864197,"z":6.640349864959717},"rotation":{"x":0.14613819122314454,"y":0.7144895195960999,"z":-0.15677553415298463,"w":0.6660107970237732},"size":1.4541916847229005,"orthographic":true}