{"cameraMode":{"drawMode":0,"name":"Shaded","section":"Shading Mode"},"sceneLighting":true,"audioPlay":false,"sceneViewState":{"showFog":true,"showMaterialUpdate":false,"showSkybox":false,"showFlares":true,"showImageEffects":true,"showParticleSystems":true},"in2DMode":false,"pivot":{"x":-109.7110595703125,"y":4.579999923706055,"z":-42.43000030517578},"rotation":{"x":0.018359584733843805,"y":0.9797541499137878,"z":-0.16918188333511353,"w":0.1059003546833992},"size":41.26213836669922,"orthographic":false}