{"cameraMode":{"drawMode":0,"name":"Shaded","section":"Shading Mode"},"sceneLighting":false,"audioPlay":false,"sceneViewState":{"showFog":true,"showMaterialUpdate":false,"showSkybox":false,"showFlares":true,"showImageEffects":true,"showParticleSystems":true},"in2DMode":false,"pivot":{"x":0.6862205862998962,"y":0.3797874450683594,"z":0.2684248089790344},"rotation":{"x":-0.12011007219552994,"y":0.2766583561897278,"z":-0.034878671169281009,"w":-0.9528093934059143},"size":0.6504894495010376,"orthographic":false}