{"cameraMode":{"drawMode":0,"name":"Shaded","section":"Shading Mode"},"sceneLighting":false,"audioPlay":false,"sceneViewState":{"showFog":true,"showMaterialUpdate":false,"showSkybox":false,"showFlares":true,"showImageEffects":true,"showParticleSystems":true},"in2DMode":false,"pivot":{"x":-0.1553734540939331,"y":-0.034307241439819339,"z":0.030939698219299318},"rotation":{"x":0.0004395768919494003,"y":0.9892154932022095,"z":-0.14647123217582704,"w":0.0029674391262233259},"size":0.8742602467536926,"orthographic":true}