{"cameraMode":{"drawMode":0,"name":"Shaded","section":"Shading Mode"},"sceneLighting":false,"audioPlay":false,"sceneViewState":{"showFog":true,"showMaterialUpdate":false,"showSkybox":false,"showFlares":true,"showImageEffects":true,"showParticleSystems":true},"in2DMode":false,"pivot":{"x":0.0,"y":0.4999999403953552,"z":-2.9802322387695315e-8},"rotation":{"x":-0.12539120018482209,"y":-0.5328754782676697,"z":0.08019886910915375,"w":-0.8330191969871521},"size":2.3392786979675295,"orthographic":false}