{"cameraMode":{"drawMode":0,"name":"Shaded","section":"Shading Mode"},"sceneLighting":false,"audioPlay":false,"sceneViewState":{"showFog":true,"showMaterialUpdate":false,"showSkybox":false,"showFlares":true,"showImageEffects":true,"showParticleSystems":true},"in2DMode":false,"pivot":{"x":-0.03173828125,"y":0.22330273687839509,"z":0.2009294182062149},"rotation":{"x":0.01338347140699625,"y":-0.9866316914558411,"z":0.11596594750881195,"w":0.1138632670044899},"size":1.1431535482406617,"orthographic":true}